image,ground_truth,yolo_detected,yolo_class,yolo_conf,mobilenet_prediction,mobilenet_conf,final_prediction,final_correct
100_106.jpg,100,True,100,0.9342,100,0.8645,100,True
100_106_315.jpg,100,True,100,0.9301,100,0.8398,100,True
100_106_45.jpg,100,True,100,0.9311,100,0.8746,100,True
100_106_b.jpg,100,True,100,0.9348,100,0.7128,100,True
100_122.jpg,100,True,100,0.9395,100,0.8839,100,True
100_122_315.jpg,100,True,100,0.9395,100,0.7262,100,True
100_122_45.jpg,100,True,100,0.9334,100,0.6907,100,True
100_122_b.jpg,100,True,100,0.9381,100,0.6767,100,True
100_130.jpg,100,True,100,0.9470,100,0.7583,100,True
100_130_315.jpg,100,True,100,0.9549,100,0.7697,100,True
100_130_45.jpg,100,True,100,0.9369,100,0.6600,100,True
100_130_b.jpg,100,True,100,0.9479,100,0.7791,100,True
100_136.jpg,100,True,100,0.9457,100,0.8123,100,True
100_136_315.jpg,100,True,100,0.9399,100,0.7975,100,True
100_136_45.jpg,100,True,100,0.9447,100,0.7338,100,True
100_136_b.jpg,100,True,100,0.9488,100,0.7294,100,True
100_138.jpg,100,True,100,0.9327,100,0.8392,100,True
100_138_315.jpg,100,True,100,0.9403,100,0.7832,100,True
100_138_45.jpg,100,True,100,0.9251,100,0.6572,100,True
100_138_b.jpg,100,True,100,0.9304,100,0.7721,100,True
100_153.jpg,100,True,100,0.9465,100,0.7757,100,True
100_153_315.jpg,100,True,100,0.9453,100,0.7071,100,True
100_153_45.jpg,100,True,100,0.9301,100,0.5391,100,True
100_153_b.jpg,100,True,100,0.9448,100,0.6774,100,True
100_154.jpg,100,True,100,0.9396,100,0.8182,100,True
100_154_315.jpg,100,True,100,0.9532,100,0.7578,100,True
100_154_45.jpg,100,True,100,0.9424,100,0.8026,100,True
100_154_b.jpg,100,True,100,0.9401,100,0.7700,100,True
100_165.jpg,100,True,100,0.9504,100,0.6368,100,True
100_165_315.jpg,100,True,100,0.9453,100,0.7208,100,True
100_165_45.jpg,100,True,100,0.9413,100,0.8043,100,True
100_165_b.jpg,100,True,100,0.9495,100,0.6674,100,True
100_177.jpg,100,True,100,0.9465,100,0.7148,100,True
100_177_315.jpg,100,True,100,0.9482,100,0.7984,100,True
100_177_45.jpg,100,True,100,0.9462,100,0.7396,100,True
100_177_b.jpg,100,True,100,0.9458,100,0.7278,100,True
100_18.jpg,100,True,100,0.9183,100,0.5722,100,True
100_183.jpg,100,True,100,0.9360,100,0.8208,100,True
100_183_315.jpg,100,True,100,0.9411,100,0.7317,100,True
100_183_45.jpg,100,True,100,0.9389,100,0.6968,100,True
100_183_b.jpg,100,True,100,0.9354,100,0.7042,100,True
100_18_315.jpg,100,True,100,0.9392,100,0.7890,100,True
100_18_45.jpg,100,True,100,0.9403,100,0.6743,100,True
100_18_b.jpg,100,True,100,0.9169,100,0.5360,100,True
100_190.jpg,100,True,100,0.9393,100,0.6548,100,True
100_190_315.jpg,100,True,100,0.9455,100,0.8021,100,True
100_190_45.jpg,100,True,100,0.9420,100,0.7881,100,True
100_190_b.jpg,100,True,100,0.9388,100,0.6331,100,True
100_30.jpg,100,True,100,0.9268,100,0.5158,100,True
100_30_315.jpg,100,True,100,0.8902,100,0.4483,100,True
100_30_45.jpg,100,True,100,0.8746,100,0.5808,100,True
100_30_b.jpg,100,True,100,0.9169,100,0.5026,100,True
100_38.jpg,100,True,100,0.8785,100,0.4854,100,True
100_38_315.jpg,100,True,100,0.9013,100,0.5079,100,True
100_38_45.jpg,100,True,100,0.8911,100,0.4900,100,True
100_38_b.jpg,100,True,100,0.8163,100,0.3636,100,True
100_42.jpg,100,True,100,0.9104,100,0.5596,100,True
100_42_315.jpg,100,True,100,0.9017,100,0.5063,100,True
100_42_45.jpg,100,True,100,0.8862,100,0.4369,100,True
100_42_b.jpg,100,True,100,0.9059,100,0.4623,100,True
100_43.jpg,100,True,100,0.9156,100,0.7547,100,True
100_43_315.jpg,100,True,100,0.8879,100,0.4370,100,True
100_43_45.jpg,100,True,100,0.8926,100,0.5407,100,True
100_43_b.jpg,100,True,100,0.9263,100,0.7105,100,True
100_45.jpg,100,True,100,0.9315,100,0.3249,100,True
100_48.jpg,100,True,100,0.9275,100,0.3405,100,True
100_48_315.jpg,100,True,100,0.9149,100,0.5240,100,True
100_48_45.jpg,100,True,100,0.8937,100,0.5974,100,True
100_48_b.jpg,100,True,100,0.9113,100,0.5820,100,True
100_58.jpg,100,True,100,0.9307,100,0.2325,100,True
100_58_315.jpg,100,True,100,0.8976,2000,0.2984,2000,False
100_58_45.jpg,100,True,100,0.9154,100,0.2550,100,True
100_58_b.jpg,100,True,100,0.9265,2000,0.2887,2000,False
100_63.jpg,100,True,100,0.9316,100,0.7912,100,True
100_63_315.jpg,100,True,100,0.9477,100,0.7426,100,True
100_63_45.jpg,100,True,100,0.9317,100,0.5851,100,True
100_63_b.jpg,100,True,100,0.9291,100,0.7100,100,True
100_64.jpg,100,True,100,0.9334,100,0.4509,100,True
100_64_315.jpg,100,True,100,0.9519,100,0.4320,100,True
100_64_45.jpg,100,True,100,0.9315,100,0.5125,100,True
100_64_b.jpg,100,True,100,0.9306,100,0.3675,100,True
100_73.jpg,100,True,100,0.9126,100,0.7528,100,True
100_73_315.jpg,100,True,100,0.9301,100,0.4532,100,True
100_73_45.jpg,100,True,100,0.9412,100,0.3661,100,True
100_73_b.jpg,100,True,100,0.9089,100,0.5875,100,True
100_75.jpg,100,True,100,0.9243,100,0.5688,100,True
100_75_315.jpg,100,True,100,0.9357,100,0.3910,100,True
100_75_45.jpg,100,True,100,0.9384,100,0.5202,100,True
100_75_b.jpg,100,True,100,0.9227,100,0.3784,100,True
100_76.jpg,100,True,100,0.8778,100,0.3011,100,True
100_76_315.jpg,100,True,100,0.8923,100,0.5872,100,True
100_76_45.jpg,100,True,100,0.8746,100,0.5096,100,True
100_76_b.jpg,100,True,100,0.8731,100,0.4817,100,True
100_79.jpg,100,True,100,0.8984,100,0.4801,100,True
100_79_315.jpg,100,True,100,0.9026,100,0.3775,100,True
100_79_45.jpg,100,True,100,0.9150,100,0.3848,100,True
100_79_b.jpg,100,True,100,0.9037,100,0.4170,100,True
100_85.jpg,100,True,100,0.9225,50,0.2832,50,False
100_85_315.jpg,100,True,100,0.9086,100,0.4975,100,True
100_85_45.jpg,100,True,100,0.9059,100,0.5423,100,True
100_85_b.jpg,100,True,100,0.8951,100,0.5037,100,True
10_10.jpg,10,True,10,0.9217,10,0.4729,10,True
10_104.jpg,10,True,10,0.9271,10,0.5049,10,True
10_104_315.jpg,10,True,10,0.9248,10,0.7049,10,True
10_104_45.jpg,10,True,10,0.9264,10,0.7244,10,True
10_104_b.jpg,10,True,10,0.9207,10,0.6063,10,True
10_10_315.jpg,10,True,10,0.9021,10,0.5644,10,True
10_10_45.jpg,10,True,10,0.9312,10,0.5670,10,True
10_10_b.jpg,10,True,10,0.9202,10,0.3225,10,True
10_110.jpg,10,True,10,0.9304,10,0.6284,10,True
10_110_315.jpg,10,True,10,0.9377,10,0.7288,10,True
10_110_45.jpg,10,True,10,0.9345,10,0.6737,10,True
10_110_b.jpg,10,True,10,0.9312,10,0.6494,10,True
10_111.jpg,10,True,10,0.9027,10,0.5102,10,True
10_111_315.jpg,10,True,10,0.9300,10,0.6887,10,True
10_111_45.jpg,10,True,10,0.9280,10,0.7531,10,True
10_111_b.jpg,10,True,10,0.9014,10,0.6972,10,True
10_12.jpg,10,True,10,0.9182,10,0.3922,10,True
10_12_315.jpg,10,True,10,0.9074,10,0.2803,10,True
10_12_45.jpg,10,True,10,0.9073,10,0.4720,10,True
10_12_b.jpg,10,True,10,0.9179,2000,0.3669,2000,False
10_134.jpg,10,True,10,0.9423,10,0.6583,10,True
10_134_315.jpg,10,True,10,0.9347,10,0.7491,10,True
10_134_45.jpg,10,True,10,0.9340,10,0.7304,10,True
10_134_b.jpg,10,True,10,0.9414,10,0.6807,10,True
10_138.jpg,10,True,10,0.9492,10,0.4714,10,True
10_138_315.jpg,10,True,10,0.9420,10,0.6976,10,True
10_138_45.jpg,10,True,10,0.9359,10,0.7301,10,True
10_138_b.jpg,10,True,10,0.9496,10,0.3851,10,True
10_145.jpg,10,True,10,0.9190,10,0.6142,10,True
10_145_315.jpg,10,True,10,0.9334,10,0.7050,10,True
10_145_45.jpg,10,True,10,0.9438,10,0.7292,10,True
10_145_b.jpg,10,True,10,0.9180,10,0.6521,10,True
10_148.jpg,10,True,10,0.9418,10,0.5502,10,True
10_148_315.jpg,10,True,10,0.9291,10,0.6194,10,True
10_148_45.jpg,10,True,10,0.9262,10,0.8406,10,True
10_148_b.jpg,10,True,10,0.9441,10,0.6963,10,True
10_154.jpg,10,True,10,0.9469,10,0.5189,10,True
10_154_315.jpg,10,True,10,0.9276,10,0.5538,10,True
10_154_45.jpg,10,True,10,0.9362,10,0.8649,10,True
10_154_b.jpg,10,True,10,0.9445,10,0.5182,10,True
10_157.jpg,10,True,10,0.9122,10,0.6038,10,True
10_157_315.jpg,10,True,10,0.9344,10,0.5224,10,True
10_157_45.jpg,10,True,10,0.9339,10,0.8269,10,True
10_157_b.jpg,10,True,10,0.9121,10,0.5590,10,True
10_158.jpg,10,True,10,0.9209,10,0.6123,10,True
10_158_315.jpg,10,True,10,0.9317,10,0.5633,10,True
10_158_45.jpg,10,True,10,0.9307,10,0.5991,10,True
10_158_b.jpg,10,True,10,0.9164,10,0.4960,10,True
10_179.jpg,10,True,10,0.9339,10,0.5564,10,True
10_179_315.jpg,10,True,10,0.9457,10,0.5829,10,True
10_179_45.jpg,10,True,10,0.9434,10,0.6619,10,True
10_179_b.jpg,10,True,10,0.9350,10,0.6389,10,True
10_183.jpg,10,True,10,0.9282,10,0.4538,10,True
10_183_315.jpg,10,True,10,0.9413,10,0.7055,10,True
10_183_45.jpg,10,True,10,0.9361,10,0.5146,10,True
10_183_b.jpg,10,True,10,0.9311,10,0.4386,10,True
10_186.jpg,10,True,10,0.9330,10,0.5699,10,True
10_186_315.jpg,10,True,10,0.9450,10,0.8243,10,True
10_186_45.jpg,10,True,10,0.9363,10,0.7557,10,True
10_186_b.jpg,10,True,10,0.9329,10,0.6723,10,True
10_21.jpg,10,True,10,0.9315,10,0.6038,10,True
10_21_315.jpg,10,True,10,0.9302,10,0.6182,10,True
10_21_45.jpg,10,True,10,0.9377,10,0.6026,10,True
10_21_b.jpg,10,True,10,0.9287,10,0.6303,10,True
10_25.jpg,10,True,10,0.9282,10,0.6810,10,True
10_25_315.jpg,10,True,10,0.9519,10,0.7086,10,True
10_25_45.jpg,10,True,10,0.9393,10,0.6490,10,True
10_25_b.jpg,10,True,10,0.9232,10,0.5187,10,True
10_27.jpg,10,True,10,0.9435,10,0.6752,10,True
10_27_315.jpg,10,True,10,0.9369,10,0.5703,10,True
10_27_45.jpg,10,True,10,0.9323,10,0.7067,10,True
10_27_b.jpg,10,True,10,0.9431,10,0.6872,10,True
10_36.jpg,10,True,10,0.9329,10,0.7101,10,True
10_36_315.jpg,10,True,10,0.9342,10,0.6551,10,True
10_36_45.jpg,10,True,10,0.9404,10,0.7192,10,True
10_36_b.jpg,10,True,10,0.9278,10,0.6935,10,True
10_37.jpg,10,True,10,0.9367,10,0.5044,10,True
10_37_315.jpg,10,True,10,0.9346,10,0.6397,10,True
10_37_45.jpg,10,True,10,0.9250,10,0.6057,10,True
10_37_b.jpg,10,True,10,0.9264,10,0.6279,10,True
10_40.jpg,10,True,10,0.9322,10,0.5483,10,True
10_40_315.jpg,10,True,10,0.9340,10,0.6418,10,True
10_40_45.jpg,10,True,10,0.9403,10,0.7089,10,True
10_40_b.jpg,10,True,10,0.9307,10,0.6246,10,True
10_43.jpg,10,True,10,0.9282,10,0.4538,10,True
10_43_315.jpg,10,True,10,0.9413,10,0.7055,10,True
10_43_45.jpg,10,True,10,0.9361,10,0.5146,10,True
10_43_b.jpg,10,True,10,0.9311,10,0.4386,10,True
10_45_315.jpg,10,True,10,0.9400,10,0.7601,10,True
10_45_45.jpg,10,True,10,0.9468,10,0.6647,10,True
10_45_b.jpg,10,True,10,0.9306,10,0.5208,10,True
10_46.jpg,10,True,10,0.9288,10,0.6286,10,True
10_46_315.jpg,10,True,10,0.9380,10,0.7067,10,True
10_46_45.jpg,10,True,10,0.9434,10,0.8180,10,True
10_46_b.jpg,10,True,10,0.9269,10,0.6081,10,True
10_49.jpg,10,True,10,0.9444,10,0.5081,10,True
10_49_315.jpg,10,True,10,0.9377,10,0.6468,10,True
10_49_45.jpg,10,True,10,0.9291,10,0.6013,10,True
10_49_b.jpg,10,True,10,0.9441,10,0.4556,10,True
10_5.jpg,10,True,10,0.9324,10,0.5007,10,True
10_5_315.jpg,10,True,10,0.9242,10,0.5311,10,True
10_5_45.jpg,10,True,10,0.9269,10,0.6735,10,True
10_5_b.jpg,10,True,10,0.9321,10,0.5900,10,True
10_63.jpg,10,True,10,0.9416,10,0.5262,10,True
10_63_315.jpg,10,True,10,0.9409,10,0.7118,10,True
10_63_45.jpg,10,True,10,0.9315,10,0.7867,10,True
10_63_b.jpg,10,True,10,0.9407,10,0.5771,10,True
10_65.jpg,10,True,10,0.9304,10,0.5774,10,True
10_65_315.jpg,10,True,10,0.9280,10,0.6023,10,True
10_65_45.jpg,10,True,10,0.9299,10,0.7589,10,True
10_65_b.jpg,10,True,10,0.9297,10,0.6553,10,True
10_76.jpg,10,True,10,0.9294,10,0.7034,10,True
10_76_315.jpg,10,True,10,0.9316,10,0.6700,10,True
10_76_45.jpg,10,True,10,0.9347,10,0.4927,10,True
10_76_b.jpg,10,True,10,0.9251,10,0.6547,10,True
10_79.jpg,10,True,10,0.9255,10,0.5242,10,True
10_79_315.jpg,10,True,10,0.9336,10,0.7681,10,True
10_79_45.jpg,10,True,10,0.9387,10,0.5659,10,True
10_79_b.jpg,10,True,10,0.9206,10,0.5027,10,True
10_86.jpg,10,True,10,0.9158,10,0.5993,10,True
10_86_315.jpg,10,True,10,0.9255,10,0.7744,10,True
10_86_45.jpg,10,True,10,0.9354,10,0.7447,10,True
10_86_b.jpg,10,True,10,0.9160,10,0.6074,10,True
10_89.jpg,10,True,10,0.9387,10,0.4841,10,True
10_89_315.jpg,10,True,10,0.9303,10,0.6454,10,True
10_89_45.jpg,10,True,10,0.9293,10,0.7226,10,True
10_89_b.jpg,10,True,10,0.9377,10,0.5159,10,True
10_90.jpg,10,True,10,0.9184,10,0.6292,10,True
10_90_315.jpg,10,True,10,0.9251,10,0.7893,10,True
10_90_45.jpg,10,True,10,0.9357,10,0.7442,10,True
10_90_b.jpg,10,True,10,0.9179,10,0.5212,10,True
10_97.jpg,10,True,10,0.9217,10,0.5323,10,True
10_97_315.jpg,10,True,10,0.9364,10,0.5039,10,True
10_97_45.jpg,10,True,10,0.9154,10,0.4936,10,True
10_97_b.jpg,10,True,10,0.9165,10,0.4492,10,True
2000_1.jpg,2000,True,2000,0.8888,2000,0.7710,2000,True
2000_101.jpg,2000,True,2000,0.8846,2000,0.7154,2000,True
2000_101_315.jpg,2000,True,2000,0.9293,2000,0.7066,2000,True
2000_101_45.jpg,2000,True,2000,0.9247,2000,0.7359,2000,True
2000_101_b.jpg,2000,True,2000,0.8889,2000,0.6761,2000,True
2000_111.jpg,2000,True,2000,0.8842,2000,0.5311,2000,True
2000_111_315.jpg,2000,True,2000,0.9221,2000,0.6702,2000,True
2000_111_45.jpg,2000,True,2000,0.9275,2000,0.5427,2000,True
2000_111_b.jpg,2000,True,2000,0.8841,2000,0.6458,2000,True
2000_112.jpg,2000,True,2000,0.8879,2000,0.5998,2000,True
2000_112_315.jpg,2000,True,2000,0.9241,2000,0.7284,2000,True
2000_112_45.jpg,2000,True,2000,0.9333,2000,0.7011,2000,True
2000_112_b.jpg,2000,True,2000,0.8866,2000,0.7073,2000,True
2000_117.jpg,2000,True,2000,0.8998,2000,0.6067,2000,True
2000_117_315.jpg,2000,True,2000,0.9266,2000,0.6417,2000,True
2000_117_45.jpg,2000,True,2000,0.9398,2000,0.6916,2000,True
2000_117_b.jpg,2000,True,2000,0.8981,2000,0.6398,2000,True
2000_122.jpg,2000,True,2000,0.8903,2000,0.3994,2000,True
2000_122_315.jpg,2000,True,2000,0.9245,2000,0.6535,2000,True
2000_122_45.jpg,2000,True,2000,0.9274,2000,0.5933,2000,True
2000_122_b.jpg,2000,True,2000,0.8822,2000,0.6078,2000,True
2000_126.jpg,2000,True,2000,0.9058,2000,0.7301,2000,True
2000_126_315.jpg,2000,True,2000,0.9134,2000,0.6747,2000,True
2000_126_45.jpg,2000,True,2000,0.9225,2000,0.6110,2000,True
2000_126_b.jpg,2000,True,2000,0.9060,2000,0.6925,2000,True
2000_136.jpg,2000,True,2000,0.8902,2000,0.6786,2000,True
2000_136_315.jpg,2000,True,2000,0.8908,2000,0.7270,2000,True
2000_136_45.jpg,2000,True,2000,0.9445,2000,0.6335,2000,True
2000_136_b.jpg,2000,True,2000,0.8862,2000,0.7232,2000,True
2000_140.jpg,2000,True,2000,0.8898,2000,0.7425,2000,True
2000_140_315.jpg,2000,True,2000,0.9191,2000,0.7483,2000,True
2000_140_45.jpg,2000,True,2000,0.9308,2000,0.6714,2000,True
2000_140_b.jpg,2000,True,2000,0.8886,2000,0.7243,2000,True
2000_144.jpg,2000,True,2000,0.8989,2000,0.7354,2000,True
2000_144_315.jpg,2000,True,2000,0.9044,2000,0.7783,2000,True
2000_144_45.jpg,2000,True,2000,0.9176,2000,0.6695,2000,True
2000_144_b.jpg,2000,True,2000,0.8951,2000,0.8068,2000,True
2000_153.jpg,2000,True,2000,0.8933,2000,0.5366,2000,True
2000_153_315.jpg,2000,True,2000,0.9309,2000,0.5146,2000,True
2000_153_45.jpg,2000,True,2000,0.9296,2000,0.7290,2000,True
2000_153_b.jpg,2000,True,2000,0.8936,2000,0.6294,2000,True
2000_168.jpg,2000,True,2000,0.8984,2000,0.7275,2000,True
2000_168_315.jpg,2000,True,2000,0.9255,2000,0.7327,2000,True
2000_168_45.jpg,2000,True,2000,0.9190,2000,0.7992,2000,True
2000_168_b.jpg,2000,True,2000,0.8972,2000,0.6743,2000,True
2000_172.jpg,2000,True,2000,0.8855,2000,0.6809,2000,True
2000_172_315.jpg,2000,True,2000,0.9267,2000,0.6270,2000,True
2000_172_45.jpg,2000,True,2000,0.9223,2000,0.6959,2000,True
2000_172_b.jpg,2000,True,2000,0.8827,2000,0.6548,2000,True
2000_176.jpg,2000,True,2000,0.8873,2000,0.6045,2000,True
2000_176_315.jpg,2000,True,2000,0.9340,2000,0.5878,2000,True
2000_176_45.jpg,2000,True,2000,0.8972,2000,0.4096,2000,True
2000_176_b.jpg,2000,True,2000,0.8765,2000,0.6124,2000,True
2000_184.jpg,2000,True,2000,0.8894,2000,0.6559,2000,True
2000_184_315.jpg,2000,True,2000,0.9379,2000,0.4917,2000,True
2000_184_45.jpg,2000,True,2000,0.9230,2000,0.6830,2000,True
2000_184_b.jpg,2000,True,2000,0.8892,2000,0.7536,2000,True
2000_185.jpg,2000,True,2000,0.8890,2000,0.6454,2000,True
2000_185_315.jpg,2000,True,2000,0.9296,2000,0.7630,2000,True
2000_185_45.jpg,2000,True,2000,0.9118,2000,0.6144,2000,True
2000_185_b.jpg,2000,True,2000,0.8898,2000,0.6910,2000,True
2000_190.jpg,2000,True,2000,0.8984,2000,0.7275,2000,True
2000_190_315.jpg,2000,True,2000,0.9255,2000,0.7327,2000,True
2000_190_45.jpg,2000,True,2000,0.9190,2000,0.7992,2000,True
2000_190_b.jpg,2000,True,2000,0.8972,2000,0.6743,2000,True
2000_192.jpg,2000,True,2000,0.8875,2000,0.5227,2000,True
2000_192_315.jpg,2000,True,2000,0.9272,2000,0.6055,2000,True
2000_192_45.jpg,2000,True,2000,0.9347,2000,0.6531,2000,True
2000_192_b.jpg,2000,True,2000,0.8848,2000,0.6281,2000,True
2000_193.jpg,2000,True,2000,0.8858,2000,0.5041,2000,True
2000_193_315.jpg,2000,True,2000,0.9205,2000,0.5057,2000,True
2000_193_45.jpg,2000,True,2000,0.9274,2000,0.5204,2000,True
2000_193_b.jpg,2000,True,2000,0.8852,2000,0.6056,2000,True
2000_1_315.jpg,2000,True,2000,0.9067,2000,0.7579,2000,True
2000_1_45.jpg,2000,True,2000,0.9159,2000,0.7113,2000,True
2000_1_b.jpg,2000,True,2000,0.8861,2000,0.8781,2000,True
2000_2.jpg,2000,True,2000,0.9173,2000,0.7226,2000,True
2000_28.jpg,2000,True,2000,0.9266,2000,0.7987,2000,True
2000_28_315.jpg,2000,True,2000,0.9189,2000,0.7177,2000,True
2000_28_45.jpg,2000,True,2000,0.9398,2000,0.7722,2000,True
2000_28_b.jpg,2000,True,2000,0.9236,2000,0.8115,2000,True
2000_29.jpg,2000,True,2000,0.8958,2000,0.7392,2000,True
2000_29_315.jpg,2000,True,2000,0.9279,2000,0.7432,2000,True
2000_29_45.jpg,2000,True,2000,0.9135,2000,0.7183,2000,True
2000_29_b.jpg,2000,True,2000,0.8910,2000,0.8020,2000,True
2000_2_315.jpg,2000,True,2000,0.9333,2000,0.7233,2000,True
2000_2_45.jpg,2000,True,2000,0.9186,2000,0.7138,2000,True
2000_2_b.jpg,2000,True,2000,0.9164,2000,0.7688,2000,True
2000_30.jpg,2000,True,2000,0.9102,2000,0.7828,2000,True
2000_30_315.jpg,2000,True,2000,0.9285,2000,0.7671,2000,True
2000_30_45.jpg,2000,True,2000,0.9205,2000,0.8973,2000,True
2000_30_b.jpg,2000,True,2000,0.9110,2000,0.7952,2000,True
2000_31.jpg,2000,True,2000,0.9019,2000,0.7018,2000,True
2000_31_315.jpg,2000,True,2000,0.9221,2000,0.7129,2000,True
2000_31_45.jpg,2000,True,2000,0.9310,2000,0.8022,2000,True
2000_31_b.jpg,2000,True,2000,0.8967,2000,0.7298,2000,True
2000_52.jpg,2000,True,2000,0.9117,2000,0.4100,2000,True
2000_52_315.jpg,2000,True,2000,0.9241,2000,0.7025,2000,True
2000_52_45.jpg,2000,True,2000,0.9415,2000,0.6099,2000,True
2000_52_b.jpg,2000,True,2000,0.9141,2000,0.6603,2000,True
2000_62.jpg,2000,True,2000,0.9309,2000,0.5583,2000,True
2000_62_315.jpg,2000,True,2000,0.9334,2000,0.6296,2000,True
2000_62_45.jpg,2000,True,2000,0.9222,2000,0.5372,2000,True
2000_62_b.jpg,2000,True,2000,0.9279,2000,0.4648,2000,True
2000_68.jpg,2000,True,2000,0.9199,2000,0.5495,2000,True
2000_68_315.jpg,2000,True,2000,0.9198,2000,0.6051,2000,True
2000_68_45.jpg,2000,True,2000,0.9310,2000,0.5919,2000,True
2000_68_b.jpg,2000,True,2000,0.9177,2000,0.6466,2000,True
2000_69.jpg,2000,True,2000,0.9258,2000,0.4372,2000,True
2000_69_315.jpg,2000,True,2000,0.9313,2000,0.6941,2000,True
2000_69_45.jpg,2000,True,2000,0.9578,2000,0.6341,2000,True
2000_69_b.jpg,2000,True,2000,0.9316,2000,0.5915,2000,True
2000_72.jpg,2000,True,2000,0.8987,2000,0.5098,2000,True
2000_72_315.jpg,2000,True,2000,0.9383,2000,0.6111,2000,True
2000_72_45.jpg,2000,True,2000,0.9348,2000,0.5736,2000,True
2000_72_b.jpg,2000,True,2000,0.8957,2000,0.4711,2000,True
2000_75.jpg,2000,True,2000,0.9080,2000,0.6263,2000,True
2000_75_315.jpg,2000,True,2000,0.9152,2000,0.6286,2000,True
2000_75_45.jpg,2000,True,2000,0.9485,2000,0.5763,2000,True
2000_75_b.jpg,2000,True,2000,0.9096,2000,0.6308,2000,True
2000_78.jpg,2000,True,2000,0.9211,2000,0.5532,2000,True
2000_78_315.jpg,2000,True,2000,0.9318,2000,0.7455,2000,True
2000_78_45.jpg,2000,True,2000,0.9411,2000,0.7068,2000,True
2000_78_b.jpg,2000,True,2000,0.9208,2000,0.6419,2000,True
2000_79.jpg,2000,True,2000,0.9152,2000,0.5202,2000,True
2000_79_315.jpg,2000,True,2000,0.9257,2000,0.7173,2000,True
2000_79_45.jpg,2000,True,2000,0.9274,2000,0.6141,2000,True
2000_79_b.jpg,2000,True,2000,0.9193,2000,0.6432,2000,True
2000_8.jpg,2000,True,2000,0.8928,2000,0.5365,2000,True
2000_83.jpg,2000,True,2000,0.9157,2000,0.6573,2000,True
2000_83_315.jpg,2000,True,2000,0.9224,2000,0.5215,2000,True
2000_83_45.jpg,2000,True,2000,0.9308,2000,0.7234,2000,True
2000_83_b.jpg,2000,True,2000,0.9158,2000,0.6300,2000,True
2000_87.jpg,2000,True,2000,0.9051,2000,0.5091,2000,True
2000_87_315.jpg,2000,True,2000,0.9218,2000,0.7432,2000,True
2000_87_45.jpg,2000,True,2000,0.9371,2000,0.6941,2000,True
2000_87_b.jpg,2000,True,2000,0.8989,2000,0.5627,2000,True
2000_88.jpg,2000,True,2000,0.9244,2000,0.7049,2000,True
2000_88_315.jpg,2000,True,2000,0.9421,2000,0.6140,2000,True
2000_88_45.jpg,2000,True,2000,0.9185,2000,0.4993,2000,True
2000_88_b.jpg,2000,True,2000,0.9219,2000,0.7687,2000,True
2000_8_315.jpg,2000,True,2000,0.9365,2000,0.6807,2000,True
2000_8_45.jpg,2000,True,2000,0.9595,2000,0.6149,2000,True
2000_8_b.jpg,2000,True,2000,0.8936,2000,0.5973,2000,True
2000_90.jpg,2000,True,2000,0.9031,2000,0.6176,2000,True
2000_90_315.jpg,2000,True,2000,0.9372,2000,0.6601,2000,True
2000_90_45.jpg,2000,True,2000,0.9216,2000,0.7237,2000,True
2000_90_b.jpg,2000,True,2000,0.9026,2000,0.7763,2000,True
2000_91.jpg,2000,True,2000,0.9095,2000,0.5832,2000,True
2000_91_315.jpg,2000,True,2000,0.9211,2000,0.5871,2000,True
2000_91_45.jpg,2000,True,2000,0.9210,2000,0.5742,2000,True
2000_91_b.jpg,2000,True,2000,0.9138,2000,0.5761,2000,True
2000_92.jpg,2000,True,2000,0.9227,2000,0.4939,2000,True
2000_92_315.jpg,2000,True,2000,0.9204,2000,0.6422,2000,True
2000_92_45.jpg,2000,True,2000,0.9267,2000,0.6122,2000,True
2000_92_b.jpg,2000,True,2000,0.9225,2000,0.5162,2000,True
2000_93.jpg,2000,True,2000,0.9207,2000,0.6121,2000,True
2000_93_315.jpg,2000,True,2000,0.9368,2000,0.5485,2000,True
2000_93_45.jpg,2000,True,2000,0.9367,2000,0.7374,2000,True
2000_93_b.jpg,2000,True,2000,0.9145,2000,0.5461,2000,True
2000_95.jpg,2000,True,2000,0.9070,2000,0.5977,2000,True
2000_95_315.jpg,2000,True,2000,0.9322,2000,0.6481,2000,True
2000_95_45.jpg,2000,True,2000,0.9414,2000,0.5738,2000,True
2000_95_b.jpg,2000,True,2000,0.9059,2000,0.5169,2000,True
2000_98.jpg,2000,True,2000,0.8900,2000,0.6693,2000,True
2000_98_315.jpg,2000,True,2000,0.9298,2000,0.7153,2000,True
2000_98_45.jpg,2000,True,2000,0.9203,2000,0.6281,2000,True
2000_98_b.jpg,2000,True,2000,0.8885,2000,0.6874,2000,True
200_104.jpg,200,True,200,0.9523,200,0.5885,200,True
200_104_315.jpg,200,True,200,0.9529,200,0.7037,200,True
200_104_45.jpg,200,True,200,0.9578,200,0.6924,200,True
200_104_b.jpg,200,True,200,0.9522,200,0.5956,200,True
200_110.jpg,200,True,200,0.9500,200,0.6043,200,True
200_110_315.jpg,200,True,200,0.9609,200,0.6678,200,True
200_110_45.jpg,200,True,200,0.9595,200,0.7016,200,True
200_110_b.jpg,200,True,200,0.9489,200,0.6241,200,True
200_114.jpg,200,True,200,0.9550,200,0.7087,200,True
200_114_315.jpg,200,True,200,0.9544,200,0.5767,200,True
200_114_45.jpg,200,True,200,0.9631,200,0.7304,200,True
200_114_b.jpg,200,True,200,0.9559,200,0.7461,200,True
200_149.jpg,200,True,200,0.9575,200,0.8156,200,True
200_149_315.jpg,200,True,200,0.9554,200,0.9218,200,True
200_149_45.jpg,200,True,200,0.9401,200,0.8319,200,True
200_149_b.jpg,200,True,200,0.9567,200,0.7332,200,True
200_153.jpg,200,True,200,0.9549,200,0.7744,200,True
200_153_315.jpg,200,True,200,0.9514,200,0.8378,200,True
200_153_45.jpg,200,True,200,0.9480,200,0.9268,200,True
200_153_b.jpg,200,True,200,0.9551,200,0.7430,200,True
200_154.jpg,200,True,200,0.9557,200,0.6217,200,True
200_154_315.jpg,200,True,200,0.9488,200,0.9395,200,True
200_154_45.jpg,200,True,200,0.9397,200,0.9215,200,True
200_154_b.jpg,200,True,200,0.9554,200,0.6078,200,True
200_155.jpg,200,True,200,0.9562,200,0.7656,200,True
200_155_315.jpg,200,True,200,0.9496,200,0.8667,200,True
200_155_45.jpg,200,True,200,0.9648,200,0.8882,200,True
200_155_b.jpg,200,True,200,0.9552,200,0.6151,200,True
200_165.jpg,200,True,200,0.9511,200,0.6695,200,True
200_165_315.jpg,200,True,200,0.9526,200,0.8965,200,True
200_165_45.jpg,200,True,200,0.9471,200,0.9226,200,True
200_165_b.jpg,200,True,200,0.9515,200,0.6428,200,True
200_177.jpg,200,True,200,0.9559,200,0.6528,200,True
200_177_315.jpg,200,True,200,0.9503,200,0.7735,200,True
200_177_45.jpg,200,True,200,0.9457,200,0.7371,200,True
200_177_b.jpg,200,True,200,0.9557,200,0.6173,200,True
200_183.jpg,200,True,200,0.9507,200,0.4287,200,True
200_183_315.jpg,200,True,200,0.9525,200,0.7436,200,True
200_183_45.jpg,200,True,200,0.9657,200,0.7850,200,True
200_183_b.jpg,200,True,200,0.9505,200,0.6875,200,True
200_22.jpg,200,True,200,0.9565,200,0.6967,200,True
200_22_315.jpg,200,True,200,0.9497,200,0.9226,200,True
200_22_45.jpg,200,True,200,0.9548,200,0.8651,200,True
200_22_b.jpg,200,True,200,0.9582,200,0.7073,200,True
200_27.jpg,200,True,200,0.9529,200,0.6608,200,True
200_27_315.jpg,200,True,200,0.9454,200,0.8007,200,True
200_27_45.jpg,200,True,200,0.9519,200,0.7170,200,True
200_27_b.jpg,200,True,200,0.9522,200,0.7151,200,True
200_30.jpg,200,True,200,0.9551,200,0.6025,200,True
200_30_315.jpg,200,True,200,0.9499,200,0.9034,200,True
200_30_45.jpg,200,True,200,0.9469,200,0.8421,200,True
200_30_b.jpg,200,True,200,0.9595,200,0.4488,200,True
200_31.jpg,200,True,200,0.9608,200,0.6337,200,True
200_31_315.jpg,200,True,200,0.9503,200,0.8445,200,True
200_31_45.jpg,200,True,200,0.9503,200,0.8548,200,True
200_31_b.jpg,200,True,200,0.9622,200,0.5732,200,True
200_40.jpg,200,True,200,0.9573,200,0.6632,200,True
200_40_315.jpg,200,True,200,0.9462,200,0.7311,200,True
200_40_45.jpg,200,True,200,0.9505,200,0.8754,200,True
200_40_b.jpg,200,True,200,0.9573,200,0.6327,200,True
200_41.jpg,200,True,200,0.9565,200,0.6387,200,True
200_41_315.jpg,200,True,200,0.9490,200,0.9160,200,True
200_41_45.jpg,200,True,200,0.9455,200,0.8465,200,True
200_41_b.jpg,200,True,200,0.9555,200,0.5842,200,True
200_46.jpg,200,True,200,0.9515,200,0.6208,200,True
200_46_315.jpg,200,True,200,0.9485,200,0.8127,200,True
200_46_45.jpg,200,True,200,0.9458,200,0.8873,200,True
200_46_b.jpg,200,True,200,0.9528,200,0.5159,200,True
200_57.jpg,200,True,200,0.9546,200,0.5490,200,True
200_57_315.jpg,200,True,200,0.9476,200,0.8582,200,True
200_57_45.jpg,200,True,200,0.9548,200,0.9050,200,True
200_57_b.jpg,200,True,200,0.9546,200,0.6505,200,True
200_70.jpg,200,True,200,0.9556,200,0.6468,200,True
200_70_315.jpg,200,True,200,0.9422,200,0.8519,200,True
200_70_45.jpg,200,True,200,0.9551,200,0.9075,200,True
200_70_b.jpg,200,True,200,0.9556,200,0.6291,200,True
200_90.jpg,200,True,200,0.9542,200,0.6528,200,True
200_90_315.jpg,200,True,200,0.9421,200,0.8340,200,True
200_90_45.jpg,200,True,200,0.9499,200,0.9037,200,True
200_90_b.jpg,200,True,200,0.9547,200,0.5932,200,True
200_95.jpg,200,True,200,0.9539,200,0.6286,200,True
200_95_315.jpg,200,True,200,0.9423,200,0.8354,200,True
200_95_45.jpg,200,True,200,0.9503,200,0.7699,200,True
200_95_b.jpg,200,True,200,0.9549,200,0.5928,200,True
20_103.jpg,20,True,20,0.9282,20,0.8498,20,True
20_103_315.jpg,20,True,20,0.9288,20,0.8688,20,True
20_103_45.jpg,20,True,20,0.9418,20,0.8691,20,True
20_103_b.jpg,20,True,20,0.9279,20,0.7821,20,True
20_106.jpg,20,True,20,0.9252,20,0.8196,20,True
20_106_315.jpg,20,True,20,0.9255,20,0.6930,20,True
20_106_45.jpg,20,True,20,0.9391,20,0.7207,20,True
20_106_b.jpg,20,True,20,0.9241,20,0.6976,20,True
20_113.jpg,20,True,20,0.9326,20,0.8076,20,True
20_113_315.jpg,20,True,20,0.9325,20,0.5729,20,True
20_113_45.jpg,20,True,20,0.9407,20,0.6932,20,True
20_113_b.jpg,20,True,20,0.9312,20,0.7047,20,True
20_12.jpg,20,True,20,0.9267,20,0.7141,20,True
20_123.jpg,20,True,20,0.9357,20,0.7546,20,True
20_123_315.jpg,20,True,20,0.9289,20,0.5829,20,True
20_123_45.jpg,20,True,20,0.9365,20,0.5845,20,True
20_123_b.jpg,20,True,20,0.9383,20,0.7173,20,True
20_124.jpg,20,True,20,0.9335,20,0.7684,20,True
20_124_315.jpg,20,True,20,0.9412,20,0.6736,20,True
20_124_45.jpg,20,True,20,0.9459,20,0.7265,20,True
20_124_b.jpg,20,True,20,0.9346,20,0.6726,20,True
20_129.jpg,20,True,20,0.9401,20,0.7889,20,True
20_129_315.jpg,20,True,20,0.9411,20,0.5619,20,True
20_129_45.jpg,20,True,20,0.9453,20,0.7076,20,True
20_129_b.jpg,20,True,20,0.9401,20,0.6199,20,True
20_12_315.jpg,20,True,20,0.9376,20,0.6325,20,True
20_12_45.jpg,20,True,20,0.9368,20,0.8144,20,True
20_12_b.jpg,20,True,20,0.9275,20,0.6045,20,True
20_140.jpg,20,True,20,0.9279,20,0.7394,20,True
20_140_315.jpg,20,True,20,0.9376,20,0.6084,20,True
20_140_45.jpg,20,True,20,0.9345,20,0.4855,20,True
20_140_b.jpg,20,True,20,0.9275,20,0.7246,20,True
20_148.jpg,20,True,20,0.9249,20,0.8319,20,True
20_148_315.jpg,20,True,20,0.9328,20,0.6874,20,True
20_148_45.jpg,20,True,20,0.9412,20,0.6614,20,True
20_148_b.jpg,20,True,20,0.9266,20,0.7275,20,True
20_15.jpg,20,True,20,0.9428,20,0.8201,20,True
20_154.jpg,20,True,20,0.9264,20,0.7948,20,True
20_154_315.jpg,20,True,20,0.9397,20,0.6177,20,True
20_154_45.jpg,20,True,20,0.9401,20,0.6513,20,True
20_154_b.jpg,20,True,20,0.9248,20,0.6810,20,True
20_15_315.jpg,20,True,20,0.9250,20,0.7571,20,True
20_15_45.jpg,20,True,20,0.9418,20,0.8525,20,True
20_15_b.jpg,20,True,20,0.9414,20,0.7256,20,True
20_173.jpg,20,True,20,0.9250,20,0.7107,20,True
20_173_315.jpg,20,True,20,0.9373,20,0.6783,20,True
20_173_45.jpg,20,True,20,0.9410,20,0.5774,20,True
20_173_b.jpg,20,True,20,0.9259,20,0.6439,20,True
20_175.jpg,20,True,20,0.9271,20,0.7608,20,True
20_175_315.jpg,20,True,20,0.9479,20,0.5452,20,True
20_175_45.jpg,20,True,20,0.9453,20,0.6698,20,True
20_175_b.jpg,20,True,20,0.9255,20,0.6548,20,True
20_181.jpg,20,True,20,0.9323,20,0.6941,20,True
20_181_315.jpg,20,True,20,0.9425,20,0.7131,20,True
20_181_45.jpg,20,True,20,0.9331,20,0.7523,20,True
20_181_b.jpg,20,True,20,0.9320,20,0.5984,20,True
20_20.jpg,20,True,20,0.9251,20,0.7399,20,True
20_20_315.jpg,20,True,20,0.9356,20,0.8420,20,True
20_20_45.jpg,20,True,20,0.9425,20,0.8833,20,True
20_20_b.jpg,20,True,20,0.9237,20,0.5935,20,True
20_24.jpg,20,True,20,0.9294,20,0.8591,20,True
20_24_315.jpg,20,True,20,0.9359,20,0.7779,20,True
20_24_45.jpg,20,True,20,0.9387,20,0.8975,20,True
20_24_b.jpg,20,True,20,0.9278,20,0.8038,20,True
20_29.jpg,20,True,20,0.9351,20,0.7628,20,True
20_29_315.jpg,20,True,20,0.9246,20,0.7941,20,True
20_29_45.jpg,20,True,20,0.9385,20,0.8956,20,True
20_29_b.jpg,20,True,20,0.9324,20,0.6844,20,True
20_31.jpg,20,True,20,0.9284,20,0.8021,20,True
20_31_315.jpg,20,True,20,0.9387,20,0.8538,20,True
20_31_45.jpg,20,True,20,0.9421,20,0.8849,20,True
20_31_b.jpg,20,True,20,0.9247,20,0.7771,20,True
20_32.jpg,20,True,20,0.9348,20,0.8164,20,True
20_32_315.jpg,20,True,20,0.9250,20,0.8878,20,True
20_32_45.jpg,20,True,20,0.9439,20,0.9156,20,True
20_32_b.jpg,20,True,20,0.9354,20,0.7105,20,True
20_35.jpg,20,True,20,0.9347,20,0.7709,20,True
20_35_315.jpg,20,True,20,0.9202,20,0.7448,20,True
20_35_45.jpg,20,True,20,0.9458,20,0.8326,20,True
20_35_b.jpg,20,True,20,0.9331,20,0.6796,20,True
20_38.jpg,20,True,20,0.9324,20,0.7157,20,True
20_38_315.jpg,20,True,20,0.9303,20,0.7172,20,True
20_38_45.jpg,20,True,20,0.9449,20,0.7936,20,True
20_38_b.jpg,20,True,20,0.9308,20,0.7343,20,True
20_39.jpg,20,True,20,0.9169,20,0.7554,20,True
20_39_315.jpg,20,True,20,0.9333,20,0.7851,20,True
20_39_45.jpg,20,True,20,0.9421,20,0.8494,20,True
20_39_b.jpg,20,True,20,0.9253,20,0.7332,20,True
20_42.jpg,20,True,20,0.9397,20,0.6666,20,True
20_42_315.jpg,20,True,20,0.9323,20,0.6884,20,True
20_42_45.jpg,20,True,20,0.9448,20,0.6851,20,True
20_42_b.jpg,20,True,20,0.9421,20,0.6288,20,True
20_52.jpg,20,True,20,0.9257,20,0.7528,20,True
20_52_315.jpg,20,True,20,0.9273,20,0.7450,20,True
20_52_45.jpg,20,True,20,0.9356,20,0.7659,20,True
20_52_b.jpg,20,True,20,0.9271,20,0.6256,20,True
20_66.jpg,20,True,20,0.9229,20,0.7776,20,True
20_66_315.jpg,20,True,20,0.9222,20,0.8653,20,True
20_66_45.jpg,20,True,20,0.9404,20,0.9111,20,True
20_66_b.jpg,20,True,20,0.9241,20,0.6584,20,True
20_91.jpg,20,True,20,0.9284,20,0.8021,20,True
20_91_315.jpg,20,True,20,0.9387,20,0.8538,20,True
20_91_45.jpg,20,True,20,0.9421,20,0.8849,20,True
20_91_b.jpg,20,True,20,0.9247,20,0.7771,20,True
500_103.jpg,500,True,500,0.9190,500,0.5103,500,True
500_103_315.jpg,500,True,500,0.9179,500,0.7875,500,True
500_103_45.jpg,500,True,500,0.9270,500,0.6581,500,True
500_103_b.jpg,500,True,500,0.9158,500,0.5159,500,True
500_114.jpg,500,True,500,0.9153,500,0.6478,500,True
500_114_315.jpg,500,True,500,0.9239,500,0.7638,500,True
500_114_45.jpg,500,True,500,0.9336,500,0.7290,500,True
500_114_b.jpg,500,True,500,0.9151,500,0.6884,500,True
500_117.jpg,500,True,500,0.9344,500,0.5354,500,True
500_117_315.jpg,500,True,500,0.9432,500,0.6438,500,True
500_117_45.jpg,500,True,500,0.9262,500,0.6468,500,True
500_117_b.jpg,500,True,500,0.9328,500,0.5571,500,True
500_125.jpg,500,True,500,0.9202,500,0.5690,500,True
500_125_315.jpg,500,True,500,0.9091,500,0.6839,500,True
500_125_45.jpg,500,True,500,0.8994,500,0.7930,500,True
500_125_b.jpg,500,True,500,0.9192,500,0.5374,500,True
500_13.jpg,500,True,500,0.9204,500,0.7696,500,True
500_133.jpg,500,True,500,0.9120,500,0.7625,500,True
500_133_315.jpg,500,True,500,0.9051,500,0.7811,500,True
500_133_45.jpg,500,True,500,0.9250,500,0.7579,500,True
500_133_b.jpg,500,True,500,0.9104,500,0.7454,500,True
500_13_315.jpg,500,True,500,0.9238,500,0.7109,500,True
500_13_45.jpg,500,True,500,0.9278,500,0.8681,500,True
500_13_b.jpg,500,True,500,0.9194,500,0.7502,500,True
500_148.jpg,500,True,500,0.9293,500,0.7144,500,True
500_148_315.jpg,500,True,500,0.9372,500,0.8198,500,True
500_148_45.jpg,500,True,500,0.9449,500,0.8140,500,True
500_148_b.jpg,500,True,500,0.9288,500,0.6817,500,True
500_167.jpg,500,True,500,0.9140,500,0.5607,500,True
500_167_315.jpg,500,True,500,0.9372,500,0.5772,500,True
500_167_45.jpg,500,True,500,0.9342,500,0.6740,500,True
500_167_b.jpg,500,True,500,0.9158,500,0.5528,500,True
500_17.jpg,500,True,500,0.9232,500,0.4721,500,True
500_172.jpg,500,True,500,0.9222,500,0.5279,500,True
500_172_315.jpg,500,True,500,0.9445,500,0.5429,500,True
500_172_45.jpg,500,True,500,0.9355,500,0.6098,500,True
500_172_b.jpg,500,True,500,0.9177,500,0.5937,500,True
500_176.jpg,500,True,500,0.9231,500,0.7865,500,True
500_176_315.jpg,500,True,500,0.9193,500,0.8765,500,True
500_176_45.jpg,500,True,500,0.9286,500,0.8942,500,True
500_176_b.jpg,500,True,500,0.9259,500,0.8288,500,True
500_179.jpg,500,True,500,0.9365,500,0.7069,500,True
500_179_315.jpg,500,True,500,0.9196,500,0.7849,500,True
500_179_45.jpg,500,True,500,0.9409,500,0.7237,500,True
500_179_b.jpg,500,True,500,0.9349,500,0.6785,500,True
500_17_315.jpg,500,True,500,0.9465,500,0.7690,500,True
500_17_45.jpg,500,True,500,0.9368,500,0.7921,500,True
500_17_b.jpg,500,True,500,0.9236,500,0.6260,500,True
500_183.jpg,500,True,500,0.9214,500,0.6048,500,True
500_183_315.jpg,500,True,500,0.9455,500,0.6767,500,True
500_183_45.jpg,500,True,500,0.9426,500,0.7106,500,True
500_183_b.jpg,500,True,500,0.9243,500,0.6431,500,True
500_184.jpg,500,True,500,0.9243,500,0.6036,500,True
500_184_315.jpg,500,True,500,0.9385,500,0.7545,500,True
500_184_45.jpg,500,True,500,0.9375,500,0.8830,500,True
500_184_b.jpg,500,True,500,0.9239,500,0.6540,500,True
500_188.jpg,500,True,500,0.9226,500,0.6354,500,True
500_188_315.jpg,500,True,500,0.9243,500,0.8438,500,True
500_188_45.jpg,500,True,500,0.9047,500,0.8053,500,True
500_188_b.jpg,500,True,500,0.9225,500,0.5694,500,True
500_189.jpg,500,True,500,0.9366,500,0.5612,500,True
500_189_315.jpg,500,True,500,0.9364,500,0.7108,500,True
500_189_45.jpg,500,True,500,0.9388,500,0.7857,500,True
500_189_b.jpg,500,True,500,0.9356,500,0.5296,500,True
500_2.jpg,500,True,500,0.9213,500,0.4966,500,True
500_27.jpg,500,True,500,0.9261,500,0.5236,500,True
500_27_315.jpg,500,True,500,0.9379,500,0.6430,500,True
500_27_45.jpg,500,True,500,0.9401,500,0.7198,500,True
500_27_b.jpg,500,True,500,0.9290,500,0.5511,500,True
500_2_315.jpg,500,True,500,0.9304,500,0.5350,500,True
500_2_45.jpg,500,True,500,0.9394,500,0.6432,500,True
500_2_b.jpg,500,True,500,0.9213,500,0.6711,500,True
500_31.jpg,500,True,500,0.9274,500,0.6121,500,True
500_31_315.jpg,500,True,500,0.9340,500,0.6050,500,True
500_31_45.jpg,500,True,500,0.9392,500,0.7271,500,True
500_31_b.jpg,500,True,500,0.9253,500,0.5410,500,True
500_34.jpg,500,True,500,0.9271,500,0.4286,500,True
500_34_315.jpg,500,True,500,0.9071,500,0.8874,500,True
500_34_45.jpg,500,True,500,0.9273,500,0.8805,500,True
500_34_b.jpg,500,True,500,0.9265,500,0.4074,500,True
500_35.jpg,500,True,500,0.9443,500,0.4881,500,True
500_35_315.jpg,500,True,500,0.9394,500,0.7418,500,True
500_35_45.jpg,500,True,500,0.9214,500,0.8476,500,True
500_35_b.jpg,500,True,500,0.9429,500,0.5397,500,True
500_40.jpg,500,True,500,0.9247,500,0.5869,500,True
500_40_315.jpg,500,True,500,0.9277,500,0.6066,500,True
500_40_45.jpg,500,True,500,0.9297,500,0.8055,500,True
500_40_b.jpg,500,True,500,0.9236,500,0.4641,500,True
500_48.jpg,500,True,500,0.9290,500,0.5787,500,True
500_48_315.jpg,500,True,500,0.9443,500,0.5530,500,True
500_48_45.jpg,500,True,500,0.9359,500,0.7497,500,True
500_48_b.jpg,500,True,500,0.9280,500,0.6873,500,True
500_59.jpg,500,True,500,0.9533,500,0.7107,500,True
500_59_315.jpg,500,True,500,0.9540,500,0.5072,500,True
500_59_45.jpg,500,True,500,0.9340,500,0.8243,500,True
500_59_b.jpg,500,True,500,0.9528,500,0.7367,500,True
500_78.jpg,500,True,500,0.9167,500,0.6420,500,True
500_78_315.jpg,500,True,500,0.9350,500,0.6262,500,True
500_78_45.jpg,500,True,500,0.9514,500,0.7504,500,True
500_78_b.jpg,500,True,500,0.9124,500,0.6669,500,True
500_9.jpg,500,True,500,0.9201,500,0.6812,500,True
500_91.jpg,500,True,500,0.9281,500,0.5070,500,True
500_91_315.jpg,500,True,500,0.9314,500,0.6957,500,True
500_91_45.jpg,500,True,500,0.9318,500,0.7787,500,True
500_91_b.jpg,500,True,500,0.9149,500,0.5585,500,True
500_98.jpg,500,True,500,0.9261,500,0.6604,500,True
500_98_315.jpg,500,True,500,0.9406,500,0.8500,500,True
500_98_45.jpg,500,True,500,0.9395,500,0.9026,500,True
500_98_b.jpg,500,True,500,0.9242,500,0.6490,500,True
500_9_315.jpg,500,True,500,0.9283,500,0.5200,500,True
500_9_45.jpg,500,True,500,0.9366,500,0.6130,500,True
500_9_b.jpg,500,True,500,0.9196,500,0.7009,500,True
50_103.jpg,50,True,50,0.9159,50,0.7254,50,True
50_103_315.jpg,50,True,50,0.9242,50,0.8473,50,True
50_103_45.jpg,50,True,50,0.8975,50,0.9037,50,True
50_103_b.jpg,50,True,50,0.9148,50,0.6400,50,True
50_107.jpg,50,True,50,0.9038,50,0.6594,50,True
50_107_315.jpg,50,True,50,0.8918,50,0.7913,50,True
50_107_45.jpg,50,True,50,0.9032,50,0.7897,50,True
50_107_b.jpg,50,True,50,0.9029,50,0.6503,50,True
50_123.jpg,50,True,50,0.9069,50,0.4897,50,True
50_123_315.jpg,50,True,50,0.9088,50,0.6675,50,True
50_123_45.jpg,50,True,50,0.9222,50,0.7439,50,True
50_123_b.jpg,50,True,50,0.9001,50,0.5041,50,True
50_126.jpg,50,True,50,0.9260,50,0.5089,50,True
50_126_315.jpg,50,True,50,0.9145,50,0.7244,50,True
50_126_45.jpg,50,True,50,0.9163,50,0.7618,50,True
50_126_b.jpg,50,True,50,0.9252,50,0.5969,50,True
50_127.jpg,50,True,50,0.9295,50,0.7157,50,True
50_127_315.jpg,50,True,50,0.9120,50,0.8409,50,True
50_127_45.jpg,50,True,50,0.8957,50,0.7702,50,True
50_127_b.jpg,50,True,50,0.9271,50,0.5868,50,True
50_129.jpg,50,True,50,0.9105,50,0.6972,50,True
50_129_315.jpg,50,True,50,0.9082,50,0.7665,50,True
50_129_45.jpg,50,True,50,0.9113,50,0.5701,50,True
50_129_b.jpg,50,True,50,0.9095,50,0.6741,50,True
50_133.jpg,50,True,50,0.9175,50,0.6158,50,True
50_133_315.jpg,50,True,50,0.9312,50,0.6560,50,True
50_133_45.jpg,50,True,50,0.9252,50,0.7226,50,True
50_133_b.jpg,50,True,50,0.9157,50,0.6525,50,True
50_14.jpg,50,True,50,0.9159,50,0.5616,50,True
50_141.jpg,50,True,50,0.9105,50,0.6177,50,True
50_141_315.jpg,50,True,50,0.8865,50,0.7810,50,True
50_141_45.jpg,50,True,50,0.9121,50,0.7753,50,True
50_141_b.jpg,50,True,50,0.9087,50,0.6248,50,True
50_143.jpg,50,True,50,0.9160,50,0.6330,50,True
50_143_315.jpg,50,True,50,0.9059,50,0.8665,50,True
50_143_45.jpg,50,True,50,0.9203,50,0.8101,50,True
50_143_b.jpg,50,True,50,0.9149,50,0.5716,50,True
50_149.jpg,50,True,50,0.9155,50,0.6920,50,True
50_149_315.jpg,50,True,50,0.9212,50,0.9116,50,True
50_149_45.jpg,50,True,50,0.9101,50,0.7233,50,True
50_149_b.jpg,50,True,50,0.9136,50,0.7706,50,True
50_14_315.jpg,50,True,50,0.9195,50,0.8044,50,True
50_14_45.jpg,50,True,50,0.9386,50,0.7512,50,True
50_14_b.jpg,50,True,50,0.9123,50,0.6396,50,True
50_151.jpg,50,True,50,0.9239,50,0.6212,50,True
50_151_315.jpg,50,True,50,0.9014,50,0.7629,50,True
50_151_45.jpg,50,True,50,0.9122,50,0.8286,50,True
50_151_b.jpg,50,True,50,0.9207,50,0.5557,50,True
50_157.jpg,50,True,50,0.9120,50,0.8418,50,True
50_157_315.jpg,50,True,50,0.9390,50,0.5958,50,True
50_157_45.jpg,50,True,50,0.9205,50,0.6465,50,True
50_157_b.jpg,50,True,50,0.9113,50,0.6440,50,True
50_159.jpg,50,True,50,0.9142,50,0.5894,50,True
50_159_315.jpg,50,True,50,0.9251,50,0.7951,50,True
50_159_45.jpg,50,True,50,0.9331,50,0.7945,50,True
50_159_b.jpg,50,True,50,0.9151,50,0.6241,50,True
50_16.jpg,50,True,50,0.9039,50,0.6681,50,True
50_161.jpg,50,True,50,0.9050,50,0.6267,50,True
50_161_315.jpg,50,True,50,0.9112,50,0.8606,50,True
50_161_45.jpg,50,True,50,0.9073,50,0.8671,50,True
50_161_b.jpg,50,True,50,0.9046,50,0.6223,50,True
50_166.jpg,50,True,50,0.9242,50,0.6122,50,True
50_166_315.jpg,50,True,50,0.9083,50,0.9308,50,True
50_166_45.jpg,50,True,50,0.9110,50,0.8386,50,True
50_166_b.jpg,50,True,50,0.9238,50,0.6006,50,True
50_16_315.jpg,50,True,50,0.9233,50,0.6217,50,True
50_16_45.jpg,50,True,50,0.9461,50,0.6726,50,True
50_16_b.jpg,50,True,50,0.9051,50,0.6609,50,True
50_179.jpg,50,True,50,0.9150,50,0.6475,50,True
50_179_315.jpg,50,True,50,0.9259,50,0.7527,50,True
50_179_45.jpg,50,True,50,0.9294,50,0.8031,50,True
50_179_b.jpg,50,True,50,0.9099,50,0.6141,50,True
50_181.jpg,50,True,50,0.9369,50,0.6578,50,True
50_181_315.jpg,50,True,50,0.9241,50,0.6416,50,True
50_181_45.jpg,50,True,50,0.9198,50,0.8385,50,True
50_181_b.jpg,50,True,50,0.9351,50,0.5833,50,True
50_189.jpg,50,True,50,0.9260,50,0.6282,50,True
50_189_315.jpg,50,True,50,0.9082,50,0.8117,50,True
50_189_45.jpg,50,True,50,0.9349,50,0.8752,50,True
50_189_b.jpg,50,True,50,0.9229,50,0.5968,50,True
50_192.jpg,50,True,50,0.9180,50,0.7377,50,True
50_192_315.jpg,50,True,50,0.9216,50,0.8576,50,True
50_192_45.jpg,50,True,50,0.9416,50,0.8554,50,True
50_192_b.jpg,50,True,50,0.9174,50,0.6995,50,True
50_194.jpg,50,True,50,0.9275,50,0.7728,50,True
50_194_315.jpg,50,True,50,0.9375,50,0.7794,50,True
50_194_45.jpg,50,True,50,0.9243,50,0.7444,50,True
50_194_b.jpg,50,True,50,0.9254,50,0.5247,50,True
50_20.jpg,50,True,50,0.9164,50,0.4425,50,True
50_20_315.jpg,50,True,50,0.9021,50,0.7316,50,True
50_20_45.jpg,50,True,50,0.8875,50,0.6915,50,True
50_20_b.jpg,50,True,50,0.9161,50,0.4817,50,True
50_41.jpg,50,True,50,0.9021,50,0.5452,50,True
50_41_315.jpg,50,True,50,0.9193,50,0.7709,50,True
50_41_45.jpg,50,True,50,0.9378,50,0.7033,50,True
50_41_b.jpg,50,True,50,0.9030,50,0.5160,50,True
50_42.jpg,50,True,50,0.9086,50,0.4354,50,True
50_42_315.jpg,50,True,50,0.8901,50,0.8027,50,True
50_42_45.jpg,50,True,50,0.9108,50,0.8939,50,True
50_42_b.jpg,50,True,50,0.9076,50,0.7374,50,True
50_44.jpg,50,True,50,0.9168,50,0.4854,50,True
50_44_315.jpg,50,True,50,0.9055,50,0.7343,50,True
50_44_45.jpg,50,True,50,0.9134,50,0.7806,50,True
50_44_b.jpg,50,True,50,0.9099,50,0.5638,50,True
50_45.jpg,50,True,50,0.9169,50,0.5769,50,True
50_48.jpg,50,True,50,0.9154,50,0.7366,50,True
50_48_315.jpg,50,True,50,0.9100,50,0.7296,50,True
50_48_45.jpg,50,True,50,0.9046,50,0.8097,50,True
50_48_b.jpg,50,True,50,0.9138,50,0.6252,50,True
50_5.jpg,50,True,50,0.8987,50,0.6416,50,True
50_53.jpg,50,True,50,0.9168,50,0.7382,50,True
50_53_315.jpg,50,True,50,0.8869,50,0.6677,50,True
50_53_45.jpg,50,True,50,0.9140,50,0.6155,50,True
50_53_b.jpg,50,True,50,0.9144,50,0.6906,50,True
50_5_315.jpg,50,True,50,0.9268,50,0.7924,50,True
50_5_45.jpg,50,True,50,0.9449,50,0.8968,50,True
50_5_b.jpg,50,True,50,0.8974,50,0.6234,50,True
50_63.jpg,50,True,50,0.9122,50,0.6384,50,True
50_63_315.jpg,50,True,50,0.9012,50,0.7840,50,True
50_63_45.jpg,50,True,50,0.9217,50,0.8903,50,True
50_63_b.jpg,50,True,50,0.9118,50,0.6770,50,True
50_69.jpg,50,True,50,0.9172,50,0.5313,50,True
50_69_315.jpg,50,True,50,0.9099,50,0.8912,50,True
50_69_45.jpg,50,True,50,0.9131,50,0.7949,50,True
50_69_b.jpg,50,True,50,0.9133,50,0.5110,50,True
50_9.jpg,50,True,50,0.9036,50,0.4780,50,True
50_97.jpg,50,True,50,0.9047,50,0.5906,50,True
50_97_315.jpg,50,True,50,0.9102,50,0.8850,50,True
50_97_45.jpg,50,True,50,0.9277,50,0.8230,50,True
50_97_b.jpg,50,True,50,0.9076,50,0.6089,50,True
50_98.jpg,50,True,50,0.9099,50,0.5374,50,True
50_98_315.jpg,50,True,50,0.9270,50,0.7149,50,True
50_98_45.jpg,50,True,50,0.9237,50,0.6512,50,True
50_98_b.jpg,50,True,50,0.9093,50,0.4664,50,True
50_9_315.jpg,50,True,50,0.9180,50,0.8912,50,True
50_9_45.jpg,50,True,50,0.9320,50,0.6975,50,True
50_9_b.jpg,50,True,50,0.9051,50,0.4603,50,True
